nama_variabel;nama_variabel_turunan;nama_tahun;nama_turunan_tahun;data_content;nama_item_vertical_variabel
"[Metode Baru] Indeks Pembangunan Manusia";"Tidak Ada";2010;Tahun;67.09;<b>ACEH</b>
"[Metode Baru] Indeks Pembangunan Manusia";"Tidak Ada";2010;Tahun;67.09;"<b>SUMATERA UTARA</b>"
"[Metode Baru] Indeks Pembangunan Manusia";"Tidak Ada";2010;Tahun;67.25;"<b>SUMATERA BARAT</b>"
"[Metode Baru] Indeks Pembangunan Manusia";"Tidak Ada";2010;Tahun;68.65;<b>RIAU</b>
"[Metode Baru] Indeks Pembangunan Manusia";"Tidak Ada";2010;Tahun;65.39;<b>JAMBI</b>
"[Metode Baru] Indeks Pembangunan Manusia";"Tidak Ada";2010;Tahun;64.44;"<b>SUMATERA SELATAN</b>"
"[Metode Baru] Indeks Pembangunan Manusia";"Tidak Ada";2010;Tahun;65.35;<b>BENGKULU</b>
"[Metode Baru] Indeks Pembangunan Manusia";"Tidak Ada";2010;Tahun;63.71;<b>LAMPUNG</b>
"[Metode Baru] Indeks Pembangunan Manusia";"Tidak Ada";2010;Tahun;66.02;"<b>KEP. BANGKA BELITUNG</b>"
"[Metode Baru] Indeks Pembangunan Manusia";"Tidak Ada";2010;Tahun;71.13;"<b>KEP. RIAU</b>"
"[Metode Baru] Indeks Pembangunan Manusia";"Tidak Ada";2010;Tahun;76.31;"<b>DKI JAKARTA</b>"
"[Metode Baru] Indeks Pembangunan Manusia";"Tidak Ada";2010;Tahun;66.15;"<b>JAWA BARAT</b>"
"[Metode Baru] Indeks Pembangunan Manusia";"Tidak Ada";2010;Tahun;66.08;"<b>JAWA TENGAH</b>"
"[Metode Baru] Indeks Pembangunan Manusia";"Tidak Ada";2010;Tahun;75.37;"<b>DI YOGYAKARTA</b>"
"[Metode Baru] Indeks Pembangunan Manusia";"Tidak Ada";2010;Tahun;65.36;"<b>JAWA TIMUR</b>"
"[Metode Baru] Indeks Pembangunan Manusia";"Tidak Ada";2010;Tahun;67.54;<b>BANTEN</b>
"[Metode Baru] Indeks Pembangunan Manusia";"Tidak Ada";2010;Tahun;70.1;<b>BALI</b>
"[Metode Baru] Indeks Pembangunan Manusia";"Tidak Ada";2010;Tahun;61.16;"<b>NUSA TENGGARA BARAT</b>"
"[Metode Baru] Indeks Pembangunan Manusia";"Tidak Ada";2010;Tahun;59.21;"<b>NUSA TENGGARA TIMUR</b>"
"[Metode Baru] Indeks Pembangunan Manusia";"Tidak Ada";2010;Tahun;61.97;"<b>KALIMANTAN BARAT</b>"
"[Metode Baru] Indeks Pembangunan Manusia";"Tidak Ada";2010;Tahun;65.96;"<b>KALIMANTAN TENGAH</b>"
"[Metode Baru] Indeks Pembangunan Manusia";"Tidak Ada";2010;Tahun;65.2;"<b>KALIMANTAN SELATAN</b>"
"[Metode Baru] Indeks Pembangunan Manusia";"Tidak Ada";2010;Tahun;71.31;"<b>KALIMANTAN TIMUR</b>"
"[Metode Baru] Indeks Pembangunan Manusia";"Tidak Ada";2010;Tahun;-;"<b>KALIMANTAN UTARA</b>"
"[Metode Baru] Indeks Pembangunan Manusia";"Tidak Ada";2010;Tahun;67.83;"<b>SULAWESI UTARA</b>"
"[Metode Baru] Indeks Pembangunan Manusia";"Tidak Ada";2010;Tahun;63.29;"<b>SULAWESI TENGAH</b>"
"[Metode Baru] Indeks Pembangunan Manusia";"Tidak Ada";2010;Tahun;66;"<b>SULAWESI SELATAN</b>"
"[Metode Baru] Indeks Pembangunan Manusia";"Tidak Ada";2010;Tahun;65.99;"<b>SULAWESI TENGGARA</b>"
"[Metode Baru] Indeks Pembangunan Manusia";"Tidak Ada";2010;Tahun;62.65;<b>GORONTALO</b>
"[Metode Baru] Indeks Pembangunan Manusia";"Tidak Ada";2010;Tahun;59.74;"<b>SULAWESI BARAT</b>"
"[Metode Baru] Indeks Pembangunan Manusia";"Tidak Ada";2010;Tahun;64.27;<b>MALUKU</b>
"[Metode Baru] Indeks Pembangunan Manusia";"Tidak Ada";2010;Tahun;62.79;"<b>MALUKU UTARA</b>"
"[Metode Baru] Indeks Pembangunan Manusia";"Tidak Ada";2010;Tahun;59.6;"<b>PAPUA BARAT</b>"
"[Metode Baru] Indeks Pembangunan Manusia";"Tidak Ada";2010;Tahun;54.45;<b>PAPUA</b>
"[Metode Baru] Indeks Pembangunan Manusia";"Tidak Ada";2010;Tahun;66.53;INDONESIA
"[Metode Baru] Indeks Pembangunan Manusia";"Tidak Ada";2011;Tahun;67.45;<b>ACEH</b>
"[Metode Baru] Indeks Pembangunan Manusia";"Tidak Ada";2011;Tahun;67.34;"<b>SUMATERA UTARA</b>"
"[Metode Baru] Indeks Pembangunan Manusia";"Tidak Ada";2011;Tahun;67.81;"<b>SUMATERA BARAT</b>"
"[Metode Baru] Indeks Pembangunan Manusia";"Tidak Ada";2011;Tahun;68.9;<b>RIAU</b>
"[Metode Baru] Indeks Pembangunan Manusia";"Tidak Ada";2011;Tahun;66.14;<b>JAMBI</b>
"[Metode Baru] Indeks Pembangunan Manusia";"Tidak Ada";2011;Tahun;65.12;"<b>SUMATERA SELATAN</b>"
"[Metode Baru] Indeks Pembangunan Manusia";"Tidak Ada";2011;Tahun;65.96;<b>BENGKULU</b>
"[Metode Baru] Indeks Pembangunan Manusia";"Tidak Ada";2011;Tahun;64.2;<b>LAMPUNG</b>
"[Metode Baru] Indeks Pembangunan Manusia";"Tidak Ada";2011;Tahun;66.59;"<b>KEP. BANGKA BELITUNG</b>"
"[Metode Baru] Indeks Pembangunan Manusia";"Tidak Ada";2011;Tahun;71.61;"<b>KEP. RIAU</b>"
"[Metode Baru] Indeks Pembangunan Manusia";"Tidak Ada";2011;Tahun;76.98;"<b>DKI JAKARTA</b>"
"[Metode Baru] Indeks Pembangunan Manusia";"Tidak Ada";2011;Tahun;66.67;"<b>JAWA BARAT</b>"
"[Metode Baru] Indeks Pembangunan Manusia";"Tidak Ada";2011;Tahun;66.64;"<b>JAWA TENGAH</b>"
"[Metode Baru] Indeks Pembangunan Manusia";"Tidak Ada";2011;Tahun;75.93;"<b>DI YOGYAKARTA</b>"
"[Metode Baru] Indeks Pembangunan Manusia";"Tidak Ada";2011;Tahun;66.06;"<b>JAWA TIMUR</b>"
"[Metode Baru] Indeks Pembangunan Manusia";"Tidak Ada";2011;Tahun;68.22;<b>BANTEN</b>
"[Metode Baru] Indeks Pembangunan Manusia";"Tidak Ada";2011;Tahun;70.87;<b>BALI</b>
"[Metode Baru] Indeks Pembangunan Manusia";"Tidak Ada";2011;Tahun;62.14;"<b>NUSA TENGGARA BARAT</b>"
"[Metode Baru] Indeks Pembangunan Manusia";"Tidak Ada";2011;Tahun;60.24;"<b>NUSA TENGGARA TIMUR</b>"
"[Metode Baru] Indeks Pembangunan Manusia";"Tidak Ada";2011;Tahun;62.35;"<b>KALIMANTAN BARAT</b>"
"[Metode Baru] Indeks Pembangunan Manusia";"Tidak Ada";2011;Tahun;66.38;"<b>KALIMANTAN TENGAH</b>"
"[Metode Baru] Indeks Pembangunan Manusia";"Tidak Ada";2011;Tahun;65.89;"<b>KALIMANTAN SELATAN</b>"
"[Metode Baru] Indeks Pembangunan Manusia";"Tidak Ada";2011;Tahun;72.02;"<b>KALIMANTAN TIMUR</b>"
"[Metode Baru] Indeks Pembangunan Manusia";"Tidak Ada";2011;Tahun;-;"<b>KALIMANTAN UTARA</b>"
"[Metode Baru] Indeks Pembangunan Manusia";"Tidak Ada";2011;Tahun;68.31;"<b>SULAWESI UTARA</b>"
"[Metode Baru] Indeks Pembangunan Manusia";"Tidak Ada";2011;Tahun;64.27;"<b>SULAWESI TENGAH</b>"
"[Metode Baru] Indeks Pembangunan Manusia";"Tidak Ada";2011;Tahun;66.65;"<b>SULAWESI SELATAN</b>"
"[Metode Baru] Indeks Pembangunan Manusia";"Tidak Ada";2011;Tahun;66.52;"<b>SULAWESI TENGGARA</b>"
"[Metode Baru] Indeks Pembangunan Manusia";"Tidak Ada";2011;Tahun;63.48;<b>GORONTALO</b>
"[Metode Baru] Indeks Pembangunan Manusia";"Tidak Ada";2011;Tahun;60.63;"<b>SULAWESI BARAT</b>"
"[Metode Baru] Indeks Pembangunan Manusia";"Tidak Ada";2011;Tahun;64.75;<b>MALUKU</b>
"[Metode Baru] Indeks Pembangunan Manusia";"Tidak Ada";2011;Tahun;63.19;"<b>MALUKU UTARA</b>"
"[Metode Baru] Indeks Pembangunan Manusia";"Tidak Ada";2011;Tahun;59.9;"<b>PAPUA BARAT</b>"
"[Metode Baru] Indeks Pembangunan Manusia";"Tidak Ada";2011;Tahun;55.01;<b>PAPUA</b>
"[Metode Baru] Indeks Pembangunan Manusia";"Tidak Ada";2011;Tahun;67.09;INDONESIA
"[Metode Baru] Indeks Pembangunan Manusia";"Tidak Ada";2012;Tahun;67.81;<b>ACEH</b>
"[Metode Baru] Indeks Pembangunan Manusia";"Tidak Ada";2012;Tahun;67.74;"<b>SUMATERA UTARA</b>"
"[Metode Baru] Indeks Pembangunan Manusia";"Tidak Ada";2012;Tahun;68.36;"<b>SUMATERA BARAT</b>"
"[Metode Baru] Indeks Pembangunan Manusia";"Tidak Ada";2012;Tahun;69.15;<b>RIAU</b>
"[Metode Baru] Indeks Pembangunan Manusia";"Tidak Ada";2012;Tahun;66.94;<b>JAMBI</b>
"[Metode Baru] Indeks Pembangunan Manusia";"Tidak Ada";2012;Tahun;65.79;"<b>SUMATERA SELATAN</b>"
"[Metode Baru] Indeks Pembangunan Manusia";"Tidak Ada";2012;Tahun;66.61;<b>BENGKULU</b>
"[Metode Baru] Indeks Pembangunan Manusia";"Tidak Ada";2012;Tahun;64.87;<b>LAMPUNG</b>
"[Metode Baru] Indeks Pembangunan Manusia";"Tidak Ada";2012;Tahun;67.21;"<b>KEP. BANGKA BELITUNG</b>"
"[Metode Baru] Indeks Pembangunan Manusia";"Tidak Ada";2012;Tahun;72.36;"<b>KEP. RIAU</b>"
"[Metode Baru] Indeks Pembangunan Manusia";"Tidak Ada";2012;Tahun;77.53;"<b>DKI JAKARTA</b>"
"[Metode Baru] Indeks Pembangunan Manusia";"Tidak Ada";2012;Tahun;67.32;"<b>JAWA BARAT</b>"
"[Metode Baru] Indeks Pembangunan Manusia";"Tidak Ada";2012;Tahun;67.21;"<b>JAWA TENGAH</b>"
"[Metode Baru] Indeks Pembangunan Manusia";"Tidak Ada";2012;Tahun;76.15;"<b>DI YOGYAKARTA</b>"
"[Metode Baru] Indeks Pembangunan Manusia";"Tidak Ada";2012;Tahun;66.74;"<b>JAWA TIMUR</b>"
"[Metode Baru] Indeks Pembangunan Manusia";"Tidak Ada";2012;Tahun;68.92;<b>BANTEN</b>
"[Metode Baru] Indeks Pembangunan Manusia";"Tidak Ada";2012;Tahun;71.62;<b>BALI</b>
"[Metode Baru] Indeks Pembangunan Manusia";"Tidak Ada";2012;Tahun;62.98;"<b>NUSA TENGGARA BARAT</b>"
"[Metode Baru] Indeks Pembangunan Manusia";"Tidak Ada";2012;Tahun;60.81;"<b>NUSA TENGGARA TIMUR</b>"
"[Metode Baru] Indeks Pembangunan Manusia";"Tidak Ada";2012;Tahun;63.41;"<b>KALIMANTAN BARAT</b>"
"[Metode Baru] Indeks Pembangunan Manusia";"Tidak Ada";2012;Tahun;66.66;"<b>KALIMANTAN TENGAH</b>"
"[Metode Baru] Indeks Pembangunan Manusia";"Tidak Ada";2012;Tahun;66.68;"<b>KALIMANTAN SELATAN</b>"
"[Metode Baru] Indeks Pembangunan Manusia";"Tidak Ada";2012;Tahun;72.62;"<b>KALIMANTAN TIMUR</b>"
"[Metode Baru] Indeks Pembangunan Manusia";"Tidak Ada";2012;Tahun;-;"<b>KALIMANTAN UTARA</b>"
"[Metode Baru] Indeks Pembangunan Manusia";"Tidak Ada";2012;Tahun;69.04;"<b>SULAWESI UTARA</b>"
"[Metode Baru] Indeks Pembangunan Manusia";"Tidak Ada";2012;Tahun;65;"<b>SULAWESI TENGAH</b>"
"[Metode Baru] Indeks Pembangunan Manusia";"Tidak Ada";2012;Tahun;67.26;"<b>SULAWESI SELATAN</b>"
"[Metode Baru] Indeks Pembangunan Manusia";"Tidak Ada";2012;Tahun;67.07;"<b>SULAWESI TENGGARA</b>"
"[Metode Baru] Indeks Pembangunan Manusia";"Tidak Ada";2012;Tahun;64.16;<b>GORONTALO</b>
"[Metode Baru] Indeks Pembangunan Manusia";"Tidak Ada";2012;Tahun;61.01;"<b>SULAWESI BARAT</b>"
"[Metode Baru] Indeks Pembangunan Manusia";"Tidak Ada";2012;Tahun;65.43;<b>MALUKU</b>
"[Metode Baru] Indeks Pembangunan Manusia";"Tidak Ada";2012;Tahun;63.93;"<b>MALUKU UTARA</b>"
"[Metode Baru] Indeks Pembangunan Manusia";"Tidak Ada";2012;Tahun;60.3;"<b>PAPUA BARAT</b>"
"[Metode Baru] Indeks Pembangunan Manusia";"Tidak Ada";2012;Tahun;55.55;<b>PAPUA</b>
"[Metode Baru] Indeks Pembangunan Manusia";"Tidak Ada";2012;Tahun;67.7;INDONESIA
"[Metode Baru] Indeks Pembangunan Manusia";"Tidak Ada";2013;Tahun;68.3;<b>ACEH</b>
"[Metode Baru] Indeks Pembangunan Manusia";"Tidak Ada";2013;Tahun;68.36;"<b>SUMATERA UTARA</b>"
"[Metode Baru] Indeks Pembangunan Manusia";"Tidak Ada";2013;Tahun;68.91;"<b>SUMATERA BARAT</b>"
"[Metode Baru] Indeks Pembangunan Manusia";"Tidak Ada";2013;Tahun;69.91;<b>RIAU</b>
"[Metode Baru] Indeks Pembangunan Manusia";"Tidak Ada";2013;Tahun;67.76;<b>JAMBI</b>
"[Metode Baru] Indeks Pembangunan Manusia";"Tidak Ada";2013;Tahun;66.16;"<b>SUMATERA SELATAN</b>"
"[Metode Baru] Indeks Pembangunan Manusia";"Tidak Ada";2013;Tahun;67.5;<b>BENGKULU</b>
"[Metode Baru] Indeks Pembangunan Manusia";"Tidak Ada";2013;Tahun;65.73;<b>LAMPUNG</b>
"[Metode Baru] Indeks Pembangunan Manusia";"Tidak Ada";2013;Tahun;67.92;"<b>KEP. BANGKA BELITUNG</b>"
"[Metode Baru] Indeks Pembangunan Manusia";"Tidak Ada";2013;Tahun;73.02;"<b>KEP. RIAU</b>"
"[Metode Baru] Indeks Pembangunan Manusia";"Tidak Ada";2013;Tahun;78.08;"<b>DKI JAKARTA</b>"
"[Metode Baru] Indeks Pembangunan Manusia";"Tidak Ada";2013;Tahun;68.25;"<b>JAWA BARAT</b>"
"[Metode Baru] Indeks Pembangunan Manusia";"Tidak Ada";2013;Tahun;68.02;"<b>JAWA TENGAH</b>"
"[Metode Baru] Indeks Pembangunan Manusia";"Tidak Ada";2013;Tahun;76.44;"<b>DI YOGYAKARTA</b>"
"[Metode Baru] Indeks Pembangunan Manusia";"Tidak Ada";2013;Tahun;67.55;"<b>JAWA TIMUR</b>"
"[Metode Baru] Indeks Pembangunan Manusia";"Tidak Ada";2013;Tahun;69.47;<b>BANTEN</b>
"[Metode Baru] Indeks Pembangunan Manusia";"Tidak Ada";2013;Tahun;72.09;<b>BALI</b>
"[Metode Baru] Indeks Pembangunan Manusia";"Tidak Ada";2013;Tahun;63.76;"<b>NUSA TENGGARA BARAT</b>"
"[Metode Baru] Indeks Pembangunan Manusia";"Tidak Ada";2013;Tahun;61.68;"<b>NUSA TENGGARA TIMUR</b>"
"[Metode Baru] Indeks Pembangunan Manusia";"Tidak Ada";2013;Tahun;64.3;"<b>KALIMANTAN BARAT</b>"
"[Metode Baru] Indeks Pembangunan Manusia";"Tidak Ada";2013;Tahun;67.41;"<b>KALIMANTAN TENGAH</b>"
"[Metode Baru] Indeks Pembangunan Manusia";"Tidak Ada";2013;Tahun;67.17;"<b>KALIMANTAN SELATAN</b>"
"[Metode Baru] Indeks Pembangunan Manusia";"Tidak Ada";2013;Tahun;73.21;"<b>KALIMANTAN TIMUR</b>"
"[Metode Baru] Indeks Pembangunan Manusia";"Tidak Ada";2013;Tahun;67.99;"<b>KALIMANTAN UTARA</b>"
"[Metode Baru] Indeks Pembangunan Manusia";"Tidak Ada";2013;Tahun;69.49;"<b>SULAWESI UTARA</b>"
"[Metode Baru] Indeks Pembangunan Manusia";"Tidak Ada";2013;Tahun;65.79;"<b>SULAWESI TENGAH</b>"
"[Metode Baru] Indeks Pembangunan Manusia";"Tidak Ada";2013;Tahun;67.92;"<b>SULAWESI SELATAN</b>"
"[Metode Baru] Indeks Pembangunan Manusia";"Tidak Ada";2013;Tahun;67.55;"<b>SULAWESI TENGGARA</b>"
"[Metode Baru] Indeks Pembangunan Manusia";"Tidak Ada";2013;Tahun;64.7;<b>GORONTALO</b>
"[Metode Baru] Indeks Pembangunan Manusia";"Tidak Ada";2013;Tahun;61.53;"<b>SULAWESI BARAT</b>"
"[Metode Baru] Indeks Pembangunan Manusia";"Tidak Ada";2013;Tahun;66.09;<b>MALUKU</b>
"[Metode Baru] Indeks Pembangunan Manusia";"Tidak Ada";2013;Tahun;64.78;"<b>MALUKU UTARA</b>"
"[Metode Baru] Indeks Pembangunan Manusia";"Tidak Ada";2013;Tahun;60.91;"<b>PAPUA BARAT</b>"
"[Metode Baru] Indeks Pembangunan Manusia";"Tidak Ada";2013;Tahun;56.25;<b>PAPUA</b>
"[Metode Baru] Indeks Pembangunan Manusia";"Tidak Ada";2013;Tahun;68.31;INDONESIA
"[Metode Baru] Indeks Pembangunan Manusia";"Tidak Ada";2014;Tahun;68.81;<b>ACEH</b>
"[Metode Baru] Indeks Pembangunan Manusia";"Tidak Ada";2014;Tahun;68.87;"<b>SUMATERA UTARA</b>"
"[Metode Baru] Indeks Pembangunan Manusia";"Tidak Ada";2014;Tahun;69.36;"<b>SUMATERA BARAT</b>"
"[Metode Baru] Indeks Pembangunan Manusia";"Tidak Ada";2014;Tahun;70.33;<b>RIAU</b>
"[Metode Baru] Indeks Pembangunan Manusia";"Tidak Ada";2014;Tahun;68.24;<b>JAMBI</b>
"[Metode Baru] Indeks Pembangunan Manusia";"Tidak Ada";2014;Tahun;66.75;"<b>SUMATERA SELATAN</b>"
"[Metode Baru] Indeks Pembangunan Manusia";"Tidak Ada";2014;Tahun;68.06;<b>BENGKULU</b>
"[Metode Baru] Indeks Pembangunan Manusia";"Tidak Ada";2014;Tahun;66.42;<b>LAMPUNG</b>
"[Metode Baru] Indeks Pembangunan Manusia";"Tidak Ada";2014;Tahun;68.27;"<b>KEP. BANGKA BELITUNG</b>"
"[Metode Baru] Indeks Pembangunan Manusia";"Tidak Ada";2014;Tahun;73.4;"<b>KEP. RIAU</b>"
"[Metode Baru] Indeks Pembangunan Manusia";"Tidak Ada";2014;Tahun;78.39;"<b>DKI JAKARTA</b>"
"[Metode Baru] Indeks Pembangunan Manusia";"Tidak Ada";2014;Tahun;68.8;"<b>JAWA BARAT</b>"
"[Metode Baru] Indeks Pembangunan Manusia";"Tidak Ada";2014;Tahun;68.78;"<b>JAWA TENGAH</b>"
"[Metode Baru] Indeks Pembangunan Manusia";"Tidak Ada";2014;Tahun;76.81;"<b>DI YOGYAKARTA</b>"
"[Metode Baru] Indeks Pembangunan Manusia";"Tidak Ada";2014;Tahun;68.14;"<b>JAWA TIMUR</b>"
"[Metode Baru] Indeks Pembangunan Manusia";"Tidak Ada";2014;Tahun;69.89;<b>BANTEN</b>
"[Metode Baru] Indeks Pembangunan Manusia";"Tidak Ada";2014;Tahun;72.48;<b>BALI</b>
"[Metode Baru] Indeks Pembangunan Manusia";"Tidak Ada";2014;Tahun;64.31;"<b>NUSA TENGGARA BARAT</b>"
"[Metode Baru] Indeks Pembangunan Manusia";"Tidak Ada";2014;Tahun;62.26;"<b>NUSA TENGGARA TIMUR</b>"
"[Metode Baru] Indeks Pembangunan Manusia";"Tidak Ada";2014;Tahun;64.89;"<b>KALIMANTAN BARAT</b>"
"[Metode Baru] Indeks Pembangunan Manusia";"Tidak Ada";2014;Tahun;67.77;"<b>KALIMANTAN TENGAH</b>"
"[Metode Baru] Indeks Pembangunan Manusia";"Tidak Ada";2014;Tahun;67.63;"<b>KALIMANTAN SELATAN</b>"
"[Metode Baru] Indeks Pembangunan Manusia";"Tidak Ada";2014;Tahun;73.82;"<b>KALIMANTAN TIMUR</b>"
"[Metode Baru] Indeks Pembangunan Manusia";"Tidak Ada";2014;Tahun;68.64;"<b>KALIMANTAN UTARA</b>"
"[Metode Baru] Indeks Pembangunan Manusia";"Tidak Ada";2014;Tahun;69.96;"<b>SULAWESI UTARA</b>"
"[Metode Baru] Indeks Pembangunan Manusia";"Tidak Ada";2014;Tahun;66.43;"<b>SULAWESI TENGAH</b>"
"[Metode Baru] Indeks Pembangunan Manusia";"Tidak Ada";2014;Tahun;68.49;"<b>SULAWESI SELATAN</b>"
"[Metode Baru] Indeks Pembangunan Manusia";"Tidak Ada";2014;Tahun;68.07;"<b>SULAWESI TENGGARA</b>"
"[Metode Baru] Indeks Pembangunan Manusia";"Tidak Ada";2014;Tahun;65.17;<b>GORONTALO</b>
"[Metode Baru] Indeks Pembangunan Manusia";"Tidak Ada";2014;Tahun;62.24;"<b>SULAWESI BARAT</b>"
"[Metode Baru] Indeks Pembangunan Manusia";"Tidak Ada";2014;Tahun;66.74;<b>MALUKU</b>
"[Metode Baru] Indeks Pembangunan Manusia";"Tidak Ada";2014;Tahun;65.18;"<b>MALUKU UTARA</b>"
"[Metode Baru] Indeks Pembangunan Manusia";"Tidak Ada";2014;Tahun;61.28;"<b>PAPUA BARAT</b>"
"[Metode Baru] Indeks Pembangunan Manusia";"Tidak Ada";2014;Tahun;56.75;<b>PAPUA</b>
"[Metode Baru] Indeks Pembangunan Manusia";"Tidak Ada";2014;Tahun;68.9;INDONESIA
"[Metode Baru] Indeks Pembangunan Manusia";"Tidak Ada";2015;Tahun;69.4488757414031;<b>ACEH</b>
"[Metode Baru] Indeks Pembangunan Manusia";"Tidak Ada";2015;Tahun;69.5071217759898;"<b>SUMATERA UTARA</b>"
"[Metode Baru] Indeks Pembangunan Manusia";"Tidak Ada";2015;Tahun;69.9796500394444;"<b>SUMATERA BARAT</b>"
"[Metode Baru] Indeks Pembangunan Manusia";"Tidak Ada";2015;Tahun;70.8430716999453;<b>RIAU</b>
"[Metode Baru] Indeks Pembangunan Manusia";"Tidak Ada";2015;Tahun;68.8886944358804;<b>JAMBI</b>
"[Metode Baru] Indeks Pembangunan Manusia";"Tidak Ada";2015;Tahun;67.4632972609499;"<b>SUMATERA SELATAN</b>"
"[Metode Baru] Indeks Pembangunan Manusia";"Tidak Ada";2015;Tahun;68.5880303277542;<b>BENGKULU</b>
"[Metode Baru] Indeks Pembangunan Manusia";"Tidak Ada";2015;Tahun;66.9455098959592;<b>LAMPUNG</b>
"[Metode Baru] Indeks Pembangunan Manusia";"Tidak Ada";2015;Tahun;69.0459051878396;"<b>KEP. BANGKA BELITUNG</b>"
"[Metode Baru] Indeks Pembangunan Manusia";"Tidak Ada";2015;Tahun;73.7484753638156;"<b>KEP. RIAU</b>"
"[Metode Baru] Indeks Pembangunan Manusia";"Tidak Ada";2015;Tahun;78.9919949604008;"<b>DKI JAKARTA</b>"
"[Metode Baru] Indeks Pembangunan Manusia";"Tidak Ada";2015;Tahun;69.4984795305762;"<b>JAWA BARAT</b>"
"[Metode Baru] Indeks Pembangunan Manusia";"Tidak Ada";2015;Tahun;69.4948442515804;"<b>JAWA TENGAH</b>"
"[Metode Baru] Indeks Pembangunan Manusia";"Tidak Ada";2015;Tahun;77.5936333598219;"<b>DI YOGYAKARTA</b>"
"[Metode Baru] Indeks Pembangunan Manusia";"Tidak Ada";2015;Tahun;68.9507204603633;"<b>JAWA TIMUR</b>"
"[Metode Baru] Indeks Pembangunan Manusia";"Tidak Ada";2015;Tahun;70.2710232695943;<b>BANTEN</b>
"[Metode Baru] Indeks Pembangunan Manusia";"Tidak Ada";2015;Tahun;73.2652359278743;<b>BALI</b>
"[Metode Baru] Indeks Pembangunan Manusia";"Tidak Ada";2015;Tahun;65.191438466877;"<b>NUSA TENGGARA BARAT</b>"
"[Metode Baru] Indeks Pembangunan Manusia";"Tidak Ada";2015;Tahun;62.6746532393737;"<b>NUSA TENGGARA TIMUR</b>"
"[Metode Baru] Indeks Pembangunan Manusia";"Tidak Ada";2015;Tahun;65.5853283219936;"<b>KALIMANTAN BARAT</b>"
"[Metode Baru] Indeks Pembangunan Manusia";"Tidak Ada";2015;Tahun;68.5297897663838;"<b>KALIMANTAN TENGAH</b>"
"[Metode Baru] Indeks Pembangunan Manusia";"Tidak Ada";2015;Tahun;68.3817431309458;"<b>KALIMANTAN SELATAN</b>"
"[Metode Baru] Indeks Pembangunan Manusia";"Tidak Ada";2015;Tahun;74.1732034257164;"<b>KALIMANTAN TIMUR</b>"
"[Metode Baru] Indeks Pembangunan Manusia";"Tidak Ada";2015;Tahun;68.7624817487861;"<b>KALIMANTAN UTARA</b>"
"[Metode Baru] Indeks Pembangunan Manusia";"Tidak Ada";2015;Tahun;70.3866208859515;"<b>SULAWESI UTARA</b>"
"[Metode Baru] Indeks Pembangunan Manusia";"Tidak Ada";2015;Tahun;66.7571204141369;"<b>SULAWESI TENGAH</b>"
"[Metode Baru] Indeks Pembangunan Manusia";"Tidak Ada";2015;Tahun;69.1480770223701;"<b>SULAWESI SELATAN</b>"
"[Metode Baru] Indeks Pembangunan Manusia";"Tidak Ada";2015;Tahun;68.7489648773762;"<b>SULAWESI TENGGARA</b>"
"[Metode Baru] Indeks Pembangunan Manusia";"Tidak Ada";2015;Tahun;65.8559187922894;<b>GORONTALO</b>
"[Metode Baru] Indeks Pembangunan Manusia";"Tidak Ada";2015;Tahun;62.962859320358;"<b>SULAWESI BARAT</b>"
"[Metode Baru] Indeks Pembangunan Manusia";"Tidak Ada";2015;Tahun;67.054720571431;<b>MALUKU</b>
"[Metode Baru] Indeks Pembangunan Manusia";"Tidak Ada";2015;Tahun;65.9061029724757;"<b>MALUKU UTARA</b>"
"[Metode Baru] Indeks Pembangunan Manusia";"Tidak Ada";2015;Tahun;61.7339958004178;"<b>PAPUA BARAT</b>"
"[Metode Baru] Indeks Pembangunan Manusia";"Tidak Ada";2015;Tahun;57.2472955615559;<b>PAPUA</b>
"[Metode Baru] Indeks Pembangunan Manusia";"Tidak Ada";2015;Tahun;69.5473629067104;INDONESIA
"[Metode Baru] Indeks Pembangunan Manusia";"Tidak Ada";2016;Tahun;70;<b>ACEH</b>
"[Metode Baru] Indeks Pembangunan Manusia";"Tidak Ada";2016;Tahun;70;"<b>SUMATERA UTARA</b>"
"[Metode Baru] Indeks Pembangunan Manusia";"Tidak Ada";2016;Tahun;70.73;"<b>SUMATERA BARAT</b>"
"[Metode Baru] Indeks Pembangunan Manusia";"Tidak Ada";2016;Tahun;71.2;<b>RIAU</b>
"[Metode Baru] Indeks Pembangunan Manusia";"Tidak Ada";2016;Tahun;69.62;<b>JAMBI</b>
"[Metode Baru] Indeks Pembangunan Manusia";"Tidak Ada";2016;Tahun;68.24;"<b>SUMATERA SELATAN</b>"
"[Metode Baru] Indeks Pembangunan Manusia";"Tidak Ada";2016;Tahun;69.33;<b>BENGKULU</b>
"[Metode Baru] Indeks Pembangunan Manusia";"Tidak Ada";2016;Tahun;67.65;<b>LAMPUNG</b>
"[Metode Baru] Indeks Pembangunan Manusia";"Tidak Ada";2016;Tahun;69.55;"<b>KEP. BANGKA BELITUNG</b>"
"[Metode Baru] Indeks Pembangunan Manusia";"Tidak Ada";2016;Tahun;73.99;"<b>KEP. RIAU</b>"
"[Metode Baru] Indeks Pembangunan Manusia";"Tidak Ada";2016;Tahun;79.6;"<b>DKI JAKARTA</b>"
"[Metode Baru] Indeks Pembangunan Manusia";"Tidak Ada";2016;Tahun;70.05;"<b>JAWA BARAT</b>"
"[Metode Baru] Indeks Pembangunan Manusia";"Tidak Ada";2016;Tahun;69.98;"<b>JAWA TENGAH</b>"
"[Metode Baru] Indeks Pembangunan Manusia";"Tidak Ada";2016;Tahun;78.38;"<b>DI YOGYAKARTA</b>"
"[Metode Baru] Indeks Pembangunan Manusia";"Tidak Ada";2016;Tahun;69.74;"<b>JAWA TIMUR</b>"
"[Metode Baru] Indeks Pembangunan Manusia";"Tidak Ada";2016;Tahun;70.96;<b>BANTEN</b>
"[Metode Baru] Indeks Pembangunan Manusia";"Tidak Ada";2016;Tahun;73.65;<b>BALI</b>
"[Metode Baru] Indeks Pembangunan Manusia";"Tidak Ada";2016;Tahun;65.81;"<b>NUSA TENGGARA BARAT</b>"
"[Metode Baru] Indeks Pembangunan Manusia";"Tidak Ada";2016;Tahun;63.13;"<b>NUSA TENGGARA TIMUR</b>"
"[Metode Baru] Indeks Pembangunan Manusia";"Tidak Ada";2016;Tahun;65.88;"<b>KALIMANTAN BARAT</b>"
"[Metode Baru] Indeks Pembangunan Manusia";"Tidak Ada";2016;Tahun;69.13;"<b>KALIMANTAN TENGAH</b>"
"[Metode Baru] Indeks Pembangunan Manusia";"Tidak Ada";2016;Tahun;69.05;"<b>KALIMANTAN SELATAN</b>"
"[Metode Baru] Indeks Pembangunan Manusia";"Tidak Ada";2016;Tahun;74.59;"<b>KALIMANTAN TIMUR</b>"
"[Metode Baru] Indeks Pembangunan Manusia";"Tidak Ada";2016;Tahun;69.2;"<b>KALIMANTAN UTARA</b>"
"[Metode Baru] Indeks Pembangunan Manusia";"Tidak Ada";2016;Tahun;71.05;"<b>SULAWESI UTARA</b>"
"[Metode Baru] Indeks Pembangunan Manusia";"Tidak Ada";2016;Tahun;67.47;"<b>SULAWESI TENGAH</b>"
"[Metode Baru] Indeks Pembangunan Manusia";"Tidak Ada";2016;Tahun;69.76;"<b>SULAWESI SELATAN</b>"
"[Metode Baru] Indeks Pembangunan Manusia";"Tidak Ada";2016;Tahun;69.31;"<b>SULAWESI TENGGARA</b>"
"[Metode Baru] Indeks Pembangunan Manusia";"Tidak Ada";2016;Tahun;66.29;<b>GORONTALO</b>
"[Metode Baru] Indeks Pembangunan Manusia";"Tidak Ada";2016;Tahun;63.6;"<b>SULAWESI BARAT</b>"
"[Metode Baru] Indeks Pembangunan Manusia";"Tidak Ada";2016;Tahun;67.6;<b>MALUKU</b>
"[Metode Baru] Indeks Pembangunan Manusia";"Tidak Ada";2016;Tahun;66.63;"<b>MALUKU UTARA</b>"
"[Metode Baru] Indeks Pembangunan Manusia";"Tidak Ada";2016;Tahun;62.21;"<b>PAPUA BARAT</b>"
"[Metode Baru] Indeks Pembangunan Manusia";"Tidak Ada";2016;Tahun;58.05;<b>PAPUA</b>
"[Metode Baru] Indeks Pembangunan Manusia";"Tidak Ada";2016;Tahun;70.18;INDONESIA
